,City,Lat,Lng,Max Temp,Humidity,Cloudiness,Wind Speed,Country,Date
0,Saint-Philippe,-21.3585,55.7679,82.4,78,75,2.3,RE,1610594927
1,Punta Arenas,-53.15,-70.9167,53.6,71,90,13.8,CL,1610594565
2,Lashio,22.9333,97.75,63.46,66,14,0.45,MM,1610594651
3,George Town,5.4112,100.3354,82.4,69,20,8.05,MY,1610594676
4,Genhe,50.7833,121.5167,-14.58,82,68,2.77,CN,1610594928
5,Rikitea,-23.1203,-134.9692,77.92,77,71,11.61,PF,1610594783
6,Nabire,-3.3667,135.4833,84.38,75,100,2.33,ID,1610594928
7,Tak Bai,6.2595,102.0546,82.4,74,20,10.36,TH,1610594928
8,Ushuaia,-54.8,-68.3,51.8,71,75,5.32,AR,1610594499
9,Betioky,-23.7167,44.3833,73.51,85,0,4.68,MG,1610594928
10,Cape Town,-33.9258,18.4232,70.0,77,0,6.91,ZA,1610594741
11,Petropavlovsk-Kamchatskiy,53.0452,158.6483,8.6,47,0,6.71,RU,1610594929
12,Castro,-24.7911,-50.0119,64.02,95,97,8.88,BR,1610594782
13,Nikolskoye,59.7035,30.7861,7.0,78,40,6.71,RU,1610594929
14,Am Timan,11.0297,20.2827,63.93,25,73,5.26,TD,1610594929
15,General Roca,-39.0333,-67.5833,73.4,60,0,9.22,AR,1610594929
16,Dikson,73.5069,80.5464,-29.18,83,0,7.54,RU,1610594929
17,Valdivia,-39.8142,-73.2459,48.2,100,79,3.44,CL,1610594929
18,Hobyo,5.3505,48.5268,76.08,77,66,20.42,SO,1610594929
19,Mossamedes,-15.1961,12.1522,71.85,69,100,3.02,AO,1610594930
20,Tasiilaq,65.6145,-37.6368,32.0,80,75,14.12,GL,1610594930
21,Beringovskiy,63.05,179.3167,-11.2,89,100,9.75,RU,1610594781
22,Mataura,-46.1927,168.8643,77.0,47,4,5.91,NZ,1610594779
23,Bambous Virieux,-20.3428,57.7575,81.0,83,40,5.75,MU,1610594930
24,Port Alfred,-33.5906,26.891,66.99,97,100,1.99,ZA,1610594930
25,Price,39.5994,-110.8107,19.4,68,1,4.61,US,1610594930
26,Port-Gentil,-0.7193,8.7815,78.24,81,98,9.06,GA,1610594930
27,Kingaroy,-26.5333,151.8333,86.0,39,40,6.91,AU,1610594930
28,Vaini,-21.2,-175.2,86.0,79,75,8.05,TO,1610594931
29,Batticaloa,7.7102,81.6924,78.19,87,96,2.59,LK,1610594931
30,Chokurdakh,70.6333,147.9167,-26.19,86,100,6.51,RU,1610594931
31,Shubarkuduk,49.1447,56.4872,2.8,89,91,21.88,KZ,1610594931
32,Te Anau,-45.4167,167.7167,75.25,40,1,6.02,NZ,1610594931
33,Vardø,70.3705,31.1107,21.43,96,100,18.86,NO,1610594931
34,Esterhazy,50.65,-102.0843,33.8,80,40,21.85,CA,1610594931
35,Souillac,-20.5167,57.5167,78.8,83,40,5.75,MU,1610594780
36,Tura,25.5198,90.2201,65.66,40,0,0.4,IN,1610594932
37,Kieta,-6.2167,155.6333,86.32,56,100,5.28,PG,1610594932
38,Cherskiy,68.75,161.3,-23.35,85,100,4.34,RU,1610594785
39,Riyadh,24.6877,46.7219,44.6,42,0,4.36,SA,1610594926
40,Upernavik,72.7868,-56.1549,10.24,96,100,16.24,GL,1610594850
41,Waingapu,-9.6567,120.2641,87.91,58,93,4.18,ID,1610594932
42,Qaanaaq,77.484,-69.3632,-2.6,78,0,4.52,GL,1610594932
43,Los Llanos de Aridane,28.6585,-17.9182,64.4,59,90,6.91,ES,1610594933
44,Hobart,-42.8794,147.3294,73.0,35,40,13.8,AU,1610594768
45,Porto-Vecchio,41.591,9.2795,53.6,76,90,16.11,FR,1610594933
46,Port Elizabeth,-33.918,25.5701,69.8,88,90,12.66,ZA,1610594779
47,Jamestown,42.097,-79.2353,37.99,75,1,8.05,US,1610594851
48,Dickinson,29.4608,-95.0513,48.0,75,1,8.05,US,1610594933
49,Sept-Îles,50.2001,-66.3821,23.0,86,100,4.61,CA,1610594933
50,Kharan,28.5833,65.4167,41.58,51,0,1.81,PK,1610594933
51,Salalah,17.0151,54.0924,71.6,28,0,12.66,OM,1610594933
52,Husavik,66.0449,-17.3389,39.2,70,90,13.44,IS,1610594934
53,Lompoc,34.6391,-120.4579,68.0,82,1,4.61,US,1610594934
54,Narrabri,-30.3167,149.7833,93.2,26,0,5.75,AU,1610594994
55,Longyearbyen,78.2186,15.6401,19.4,79,75,6.91,SJ,1610594994
56,Bandarbeyla,9.4942,50.8122,73.06,75,96,20.76,SO,1610594994
57,Constitución,-35.3333,-72.4167,52.79,79,0,10.02,CL,1610594852
58,Boffa,10.1667,-14.0333,71.58,89,0,2.13,GN,1610594995
59,Puerto Ayora,-0.7393,-90.3518,75.0,94,93,5.01,EC,1610594850
60,Saskylakh,71.9167,114.0833,-45.96,75,64,9.26,RU,1610594780
61,Porto-Novo,6.4965,2.6036,80.6,89,40,5.75,BJ,1610594995
62,Kalianget,-7.05,113.9333,84.27,72,100,3.91,ID,1610594706
63,Leshukonskoye,64.8989,45.7622,-16.2,86,74,3.4,RU,1610594995
64,Khatanga,71.9667,102.5,-36.38,82,96,12.17,RU,1610594781
65,Barrow,71.2906,-156.7887,-9.4,77,1,16.11,US,1610594702
66,Porto Velho,-8.7619,-63.9039,75.2,94,75,3.44,BR,1610594996
67,Ponta do Sol,32.6667,-17.1,51.01,58,93,1.99,PT,1610594996
68,Aklavik,68.2191,-135.0107,-14.8,84,100,4.63,CA,1610594996
69,Nanortalik,60.1432,-45.2371,29.05,94,100,10.4,GL,1610594783
70,Bluff,-46.6,168.3333,61.54,78,8,4.32,NZ,1610594780
71,Busselton,-33.65,115.3333,73.0,42,100,1.99,AU,1610594783
72,Coahuayana Viejo,18.7333,-103.6833,74.28,53,99,2.19,MX,1610594996
73,Hilo,19.7297,-155.09,80.6,57,1,8.12,US,1610594776
74,Isangel,-19.55,169.2667,82.4,94,75,9.22,VU,1610594997
75,Rodeo,38.033,-122.2669,60.8,72,1,5.75,US,1610594997
76,Lāharpur,27.7167,80.9,51.8,49,0,2.53,IN,1610594997
77,Laas,46.6166,10.7002,34.0,100,90,3.44,IT,1610594997
78,Thānesar,29.9833,76.8167,47.46,56,60,0.49,IN,1610594998
79,Pecos,31.4229,-103.4932,53.6,20,1,11.5,US,1610594998
80,Southbridge,42.0751,-72.0334,34.0,64,76,4.79,US,1610594998
81,Corralillo,22.9819,-80.5856,72.43,90,10,7.38,CU,1610594998
82,Mar del Plata,-38.0023,-57.5575,64.99,59,0,11.5,AR,1610594998
83,Airai,-8.9266,125.4092,75.56,75,100,1.95,TL,1610594785
84,Meulaboh,4.1363,96.1285,80.98,69,83,2.3,ID,1610594998
85,Bengkulu,-3.8004,102.2655,81.36,68,100,1.07,ID,1610594847
86,Margate,51.3813,1.3862,43.0,91,100,4.0,GB,1610594858
87,Malaya Vishera,58.8454,32.2222,2.37,91,100,7.94,RU,1610594999
88,Albany,42.6001,-73.9662,33.01,65,100,3.11,US,1610594571
89,Torbay,47.6666,-52.7314,30.0,93,90,6.91,CA,1610594999
90,Bethel,41.3712,-73.414,33.01,86,1,4.38,US,1610594999
91,Marsá Maţrūḩ,31.3525,27.2453,53.6,71,20,16.11,EG,1610594999
92,Vostok,46.4856,135.8833,1.11,90,100,7.11,RU,1610594999
93,Kultuk,51.7208,103.6956,0.84,84,92,5.3,RU,1610595000
94,Najrān,17.4924,44.1277,46.4,53,0,1.86,SA,1610595000
95,New Norfolk,-42.7826,147.0587,73.0,35,40,13.8,AU,1610594849
96,East London,-33.0153,27.9116,69.8,94,90,10.36,ZA,1610594918
97,Chingirlau,51.095,54.0814,4.62,91,89,21.79,KZ,1610595000
98,Birao,10.2849,22.7882,62.98,28,0,5.17,CF,1610595000
99,Port Macquarie,-31.4333,152.9167,91.0,48,0,14.5,AU,1610594981
100,Warin Chamrap,15.1932,104.8628,75.2,50,0,6.91,TH,1610595001
101,Hermanus,-34.4187,19.2345,70.0,86,86,5.01,ZA,1610595001
102,Naze,28.3667,129.4833,62.6,51,40,10.36,JP,1610595001
103,Ambulu,-8.345,113.6058,82.56,78,100,5.95,ID,1610595001
104,Ribeira Grande,38.5167,-28.7,62.87,85,71,17.72,PT,1610594781
105,Berezovyy,51.6667,135.7,-0.98,84,87,1.61,RU,1610595002
106,Benjamín Hill,30.1667,-111.1,57.0,45,0,5.99,MX,1610595003
107,Hithadhoo,-0.6,73.0833,82.13,75,51,20.58,MV,1610595003
108,Neiafu,-18.65,-173.9833,86.0,74,40,10.36,TO,1610595004
109,Galveston,29.3669,-94.9669,55.99,62,1,8.05,US,1610595064
110,Kapaa,22.0752,-159.319,75.2,78,20,18.41,US,1610594779
111,Omboué,-1.5746,9.2618,72.81,92,99,4.16,GA,1610595064
112,Vila,42.0304,-8.1588,44.01,93,20,5.75,PT,1610595064
113,Hamilton,39.1834,-84.5333,41.0,60,90,10.36,US,1610594594
114,Verkhov'ye,52.8119,37.2425,28.85,99,100,13.27,RU,1610595065
115,Mlonggo,-6.5333,110.7,84.2,70,40,5.75,ID,1610595065
116,Marsabit,2.3284,37.9899,65.35,55,1,9.37,KE,1610595065
117,Guane,22.2025,-84.0875,70.61,91,51,2.73,CU,1610595065
118,Takoradze,4.8845,-1.7554,78.15,88,85,6.55,GH,1610595065
119,Vícar,36.8316,-2.6427,41.0,87,0,1.14,ES,1610595066
120,Horsham,51.064,-0.3272,50.0,93,75,5.75,GB,1610595026
121,Oranjemund,-28.55,16.4333,65.53,88,14,5.55,NA,1610595066
122,Leningradskiy,69.3833,178.4167,-6.43,90,100,1.45,RU,1610595066
123,Tuktoyaktuk,69.4541,-133.0374,-11.2,77,75,2.1,CA,1610594779
124,Greenville,35.6127,-77.3663,39.99,93,1,6.51,US,1610595066
125,Rosita,13.9268,-84.4032,68.13,88,55,3.0,NI,1610595066
126,Shimoda,34.6667,138.95,57.2,54,0,8.05,JP,1610595067
127,Saint Paul Harbor,57.79,-152.4072,33.8,86,75,3.44,US,1610595067
128,Ancud,-41.8697,-73.8203,51.01,87,0,2.3,CL,1610594782
129,Brae,60.3964,-1.353,39.2,60,75,20.71,GB,1610595067
130,Maceió,-9.6658,-35.7353,73.4,94,0,3.44,BR,1610595067
131,Opotiki,-38.0833,177.2833,81.0,50,0,13.0,NZ,1610595067
132,Songjianghe,42.1859,127.479,15.67,74,27,6.08,CN,1610595067
133,Hofn,64.2539,-15.2082,42.71,88,100,24.0,IS,1610595068
134,Wewak,-3.5534,143.6268,85.93,67,98,7.09,PG,1610595068
135,Arraial do Cabo,-22.9661,-42.0278,75.49,89,15,18.28,BR,1610595068
136,Cayenne,4.9333,-52.3333,78.8,83,75,6.91,GF,1610594853
137,Kaitangata,-46.2817,169.8464,64.0,78,34,13.0,NZ,1610594853
138,Balabac,7.9868,117.0645,82.96,75,100,13.2,PH,1610595068
139,La Ronge,55.1001,-105.2842,30.2,93,100,11.5,CA,1610595068
140,Caravelas,-17.7125,-39.2481,74.21,86,0,4.81,BR,1610595069
141,Mana,5.6592,-53.7767,76.53,86,82,10.89,GF,1610595070
142,Ilulissat,69.2167,-51.1,24.8,86,90,13.8,GL,1610595070
143,Grindavik,63.8424,-22.4338,39.2,87,20,13.8,IS,1610595070
144,Atuona,-9.8,-139.0333,77.83,77,10,13.09,PF,1610595070
145,Noumea,-22.2763,166.4572,80.6,89,75,16.11,NC,1610595070
146,Nanticoke,41.2054,-76.0049,35.01,88,100,4.41,US,1610595070
147,Lavrentiya,65.5833,-171.0,-1.79,91,100,3.83,RU,1610595071
148,Kafue,-15.7691,28.1814,68.0,100,0,4.61,ZM,1610595071
149,Edgewater,28.9889,-80.9023,52.0,93,75,6.8,US,1610595071
150,Katsuura,35.1333,140.3,55.4,50,20,9.22,JP,1610594850
151,Boo,59.3333,18.2833,28.99,100,90,9.22,SE,1610594965
152,Province of Mantua,45.1667,10.7833,28.0,92,0,1.01,IT,1610595071
153,Bismarck,46.8083,-100.7837,44.01,81,75,11.5,US,1610595071
154,Pandan,14.0453,124.1694,76.68,94,100,11.21,PH,1610595071
155,Zhigansk,66.7697,123.3711,-41.01,79,73,10.89,RU,1610595072
156,Frontera,26.9333,-101.45,62.01,20,0,5.99,MX,1610595072
157,Vanimo,-2.6741,141.3028,84.06,77,93,6.17,PG,1610595072
158,Palmer,42.1584,-72.3287,34.0,64,90,4.61,US,1610595072
159,Lata,40.1629,-8.3327,45.0,92,1,2.71,PT,1610595072
160,Yulara,-25.2406,130.9889,102.2,13,0,10.36,AU,1610595073
161,Yellowknife,62.456,-114.3525,12.2,92,90,9.22,CA,1610595115
162,Tessaoua,13.7574,7.9874,62.46,29,1,9.86,NE,1610595133
163,Carnarvon,-24.8667,113.6333,86.0,70,45,14.97,AU,1610595052
164,North Platte,41.1239,-100.7654,53.6,43,1,19.57,US,1610595133
165,Saint-Louis,16.3333,-15.0,69.8,43,0,2.3,SN,1610595133
166,Esperance,-33.8667,121.9,69.8,40,100,14.97,AU,1610595105
167,Te Kauwhata,-37.4,175.15,82.0,52,54,11.99,NZ,1610595134
168,Kangaatsiaq,68.3065,-53.4641,18.39,96,99,11.5,GL,1610595134
169,Khāsh,28.2211,61.2158,43.9,31,0,2.86,IR,1610595134
170,Garden City,42.3256,-83.331,39.2,75,75,11.5,US,1610595134
171,Saint George,37.1041,-113.5841,44.6,21,1,2.62,US,1610595045
172,Namtsy,62.7161,129.6658,-58.0,57,90,1.97,RU,1610595135
173,Serik,36.9169,31.0989,55.0,66,75,5.75,TR,1610595135
174,California City,35.1258,-117.9859,54.0,33,1,2.13,US,1610595135
175,Vågåmo,61.8751,9.0967,8.71,69,0,1.57,NO,1610595135
176,Suamico,44.6319,-88.0393,28.0,86,20,2.71,US,1610595136
177,Saint-Augustin,51.226,-58.6502,20.03,92,67,6.17,CA,1610595111
178,Viedma,-40.8135,-62.9967,66.99,71,83,1.01,AR,1610595030
179,Aripuanã,-9.1667,-60.6333,73.44,99,100,0.98,BR,1610595137
180,Río Gallegos,-51.6226,-69.2181,51.8,66,0,4.61,AR,1610595137
181,Avarua,-21.2078,-159.775,84.2,70,75,18.41,CK,1610595045
182,Kviteseid,59.4022,8.4927,12.99,88,0,4.12,NO,1610595137
183,Thompson,55.7435,-97.8558,26.6,100,90,3.44,CA,1610594782
184,Camargo,27.6667,-105.1667,48.13,44,0,3.62,MX,1610595137
185,Kamennogorsk,60.9545,29.1339,3.99,69,100,3.0,RU,1610595138
186,Kirakira,-10.4544,161.9205,85.03,69,100,9.33,SB,1610595138
187,Comodoro Rivadavia,-45.8667,-67.5,59.0,88,0,9.55,AR,1610595138
188,Opuwo,-18.0607,13.84,66.0,56,99,3.85,NA,1610595138
189,Pauini,-7.7136,-66.9764,75.6,95,99,1.34,BR,1610595138
190,Butaritari,3.0707,172.7902,81.43,77,64,18.45,KI,1610594778
191,Vkhodnoy,54.9518,73.1711,-0.4,71,75,4.47,RU,1610595138
192,Taoudenni,22.6783,-3.9836,56.5,36,0,15.19,ML,1610595140
193,Luganville,-15.5333,167.1667,85.28,75,96,8.72,VU,1610595140
194,Lamont,35.2597,-118.9143,54.0,54,1,3.44,US,1610595140
195,Bredasdorp,-34.5322,20.0403,68.0,88,100,11.5,ZA,1610594784
196,Tautira,-17.7333,-149.15,87.8,62,40,4.61,PF,1610595141
197,Broken Hill,-31.95,141.4333,80.6,24,0,14.97,AU,1610595142
198,Celestún,20.8667,-90.4,71.37,82,72,15.01,MX,1610595142
199,Harper,4.375,-7.7169,77.04,87,95,8.1,LR,1610595142
200,Anloga,5.7947,0.8973,78.8,89,20,4.61,GH,1610595142
201,Honningsvåg,70.9821,25.9704,36.3,82,100,18.54,NO,1610595142
202,Mahibadhoo,3.7833,72.9667,81.39,80,68,13.18,MV,1610595142
203,Águilas,37.4063,-1.5829,39.0,68,0,1.99,ES,1610595121
204,Terrace,54.5163,-128.6035,33.8,93,75,17.27,CA,1610595143
205,Yar-Sale,66.8333,70.8333,2.14,90,96,14.34,RU,1610595143
206,Grand-Lahou,5.1367,-5.0242,78.55,85,0,9.01,CI,1610595143
207,Nisko,50.5199,22.1397,30.0,94,95,1.54,PL,1610595143
208,Kavieng,-2.5744,150.7967,85.23,70,87,14.23,PG,1610595143
209,Kaduna,10.5222,7.4383,63.91,25,0,9.13,NG,1610595143
210,Cabo San Lucas,22.8909,-109.9124,62.6,67,1,4.61,MX,1610594952
211,Ayr,55.4627,-4.6339,37.4,100,90,6.91,GB,1610595144
212,Smithers,54.7804,-127.1743,24.8,80,75,2.3,CA,1610595144
213,Norman Wells,65.282,-126.8329,1.4,85,90,9.22,CA,1610594852
214,Gazli,40.1333,63.45,32.83,88,0,17.47,UZ,1610595204
215,Indiaroba,-11.5192,-37.5117,73.62,90,58,3.13,BR,1610595204
216,Jiazi,22.8779,116.067,63.25,35,0,9.71,CN,1610595204
217,Tiassalé,5.8983,-4.8283,72.79,95,0,2.24,CI,1610595205
218,Mocuba,-16.8392,36.9856,75.33,94,100,3.6,MZ,1610595205
219,Wasilla,61.5814,-149.4394,30.2,59,75,8.05,US,1610595205
220,Chiungutwa,-10.8833,38.9833,71.38,93,29,2.01,TZ,1610595205
221,Zhigalovo,54.8097,105.1578,-11.38,85,100,3.62,RU,1610595205
222,Arinos,-15.9169,-46.1056,71.26,91,100,1.45,BR,1610595205
223,Mokhotlong,-29.2894,29.0675,55.85,82,90,1.39,LS,1610595205
224,Mahébourg,-20.4081,57.7,78.8,83,40,5.75,MU,1610594781
225,Teshie,5.5836,-0.1072,80.6,89,75,10.36,GH,1610595206
226,Provideniya,64.3833,-173.3,3.2,72,75,4.47,RU,1610595206
227,Puerto Escondido,15.85,-97.0667,75.2,88,40,3.44,MX,1610595206
228,São Filipe,14.8961,-24.4956,71.31,73,63,11.5,CV,1610595206
229,Liberal,37.0431,-100.921,39.2,60,1,3.44,US,1610595206
230,Niigata,37.9022,139.0236,42.8,75,75,21.85,JP,1610595206
231,Madarounfa,13.3087,7.156,63.72,27,0,11.32,NE,1610595207
232,San Policarpo,12.1791,125.5072,83.3,70,18,6.08,PH,1610595207
233,Awjilah,29.1081,21.2869,51.96,65,53,16.08,LY,1610595207
234,Ketchikan,55.3422,-131.6461,39.2,93,90,6.91,US,1610595207
235,Svirstroy,60.7999,33.7248,-10.77,88,89,7.61,RU,1610595207
236,Lancaster,40.2504,-76.2499,36.0,69,1,3.44,US,1610595030
237,Haines Junction,60.7522,-137.5108,5.0,92,33,3.44,CA,1610595119
238,Ranong,9.9658,98.6348,82.4,74,20,9.22,TH,1610595207
239,Crowley,30.2141,-92.3746,42.01,89,0,6.91,US,1610595208
240,Biloela,-24.4167,150.5,91.42,27,0,13.78,AU,1610595208
241,Sulangan,11.1373,123.7228,80.55,86,27,11.23,PH,1610595208
242,Rocha,-34.4833,-54.3333,55.74,79,0,4.81,UY,1610595208
243,Saldanha,-33.0117,17.9442,62.6,88,0,2.3,ZA,1610595208
244,Lebu,-37.6167,-73.65,54.19,87,0,15.84,CL,1610594847
245,Lagoa,39.05,-27.9833,61.09,92,63,15.66,PT,1610595209
246,Sechura,-5.5569,-80.8222,73.27,75,98,12.19,PE,1610595209
247,Ust-Kuyga,70.0167,135.6,-41.62,78,31,0.29,RU,1610595209
248,Bariloche,-41.1456,-71.3082,60.8,48,0,11.5,AR,1610595163
249,Vestmannaeyjar,63.4427,-20.2734,43.93,76,92,14.34,IS,1610595209
250,Chicama,-7.8447,-79.1469,70.95,80,100,5.48,PE,1610595209
251,Safi,32.2994,-9.2372,49.96,74,0,10.49,MA,1610595124
252,Batagay,67.6333,134.6333,-44.64,72,8,1.3,RU,1610595209
253,Mayor Pablo Lagerenza,-19.9309,-60.7718,74.01,96,100,4.99,PY,1610595210
254,Tres Arroyos,-38.3739,-60.2798,61.25,57,9,14.2,AR,1610595210
255,Kihurio,-4.4667,38.0667,69.49,77,0,3.31,TZ,1610595210
256,Weligama,5.9667,80.4167,80.98,73,100,8.75,LK,1610595210
257,Portachuelo,-17.35,-63.4,73.4,94,75,10.36,BO,1610595210
258,Pangnirtung,66.1451,-65.7125,-5.22,75,99,0.25,CA,1610595137
259,Hearst,49.6835,-83.6665,26.6,93,89,2.3,CA,1610595210
260,São João da Barra,-21.6403,-41.0511,76.08,87,0,15.43,BR,1610595140
261,Āreka,7.0667,37.7,61.92,47,100,4.81,ET,1610595211
262,Narsaq,60.9167,-46.05,28.4,86,90,2.1,GL,1610595211
263,Nang Rong,14.6377,102.7914,73.0,68,0,4.61,TH,1610595211
264,Parkland,47.1554,-122.434,44.01,93,1,2.62,US,1610595211
265,Alta Floresta,-9.8756,-56.0861,77.0,100,40,1.14,BR,1610595199
266,Bilibino,68.0546,166.4372,-23.93,82,65,4.79,RU,1610595211
267,Pravia,43.4906,-6.1508,41.0,93,20,8.05,ES,1610595212
268,Arkhangelsk,64.5401,40.5433,-29.2,75,0,2.24,RU,1610595141
269,Bathsheba,13.2167,-59.5167,78.8,73,40,16.11,BB,1610594848
270,Verkhnyaya Inta,65.9811,60.3094,-12.35,88,93,14.67,RU,1610595272
271,Tosya,41.0155,34.0401,37.67,83,100,1.54,TR,1610595272
272,Freeport,40.6576,-73.5832,37.99,69,75,11.36,US,1610595272
273,Safaga,26.7292,33.9365,68.0,37,0,19.57,EG,1610595272
274,Mikhaylovsk,45.1283,42.0256,37.0,100,90,8.95,RU,1610595272
275,Calama,-22.4667,-68.9333,57.2,21,0,6.91,CL,1610595273
276,Bucyrus,40.8084,-82.9755,39.99,65,90,14.97,US,1610595273
277,San Patricio,28.017,-97.5169,48.2,87,1,8.05,US,1610595273
278,Talara,-4.5772,-81.2719,72.5,81,62,15.23,PE,1610595099
279,Manavālakurichi,8.1333,77.3,82.4,78,40,13.91,IN,1610595273
280,Hambantota,6.1241,81.1185,78.8,100,75,4.61,LK,1610595273
281,Boda,4.3189,17.4695,66.92,32,21,3.22,CF,1610595273
282,Hare Bay,48.8499,-54.0148,26.6,93,90,4.61,CA,1610595274
283,Rabak,13.1809,32.74,66.36,40,0,9.44,SD,1610595274
284,Cidreira,-30.1811,-50.2056,70.32,72,26,14.58,BR,1610595274
285,Farafangana,-22.8167,47.8333,78.78,88,20,5.44,MG,1610595274
286,Vilhena,-12.7406,-60.1458,69.85,96,99,1.95,BR,1610595274
287,Christchurch,-43.5333,172.6333,77.0,61,20,8.05,NZ,1610595118
288,Flinders,-34.5833,150.8552,91.0,62,8,4.0,AU,1610595274
289,Ranau,5.9538,116.6641,82.4,89,20,6.91,MY,1610595274
290,Dwārka,22.2394,68.9678,70.92,35,0,9.1,IN,1610595275
291,Zyryanka,65.75,150.85,-26.41,85,100,9.26,RU,1610595275
292,Fethiye,36.6217,29.1164,50.0,87,75,8.05,TR,1610595275
293,Tiksi,71.6872,128.8694,-32.6,83,91,3.67,RU,1610594781
294,Troitsko-Pechorsk,62.7084,56.1964,-20.18,85,0,3.33,RU,1610595275
295,Finnsnes,69.2296,17.9811,8.6,72,90,4.32,NO,1610595275
296,Ucluelet,48.9329,-125.5528,44.01,87,60,5.26,CA,1610595275
297,Pevek,69.7008,170.3133,-17.03,89,100,1.83,RU,1610595275
298,Saint Anthony,45.0205,-93.218,35.6,80,1,8.05,US,1610595276
299,Atikokan,48.7555,-91.6216,19.71,97,18,6.11,CA,1610595276
300,Bahía Honda,22.9036,-83.1592,69.98,93,93,11.21,CU,1610595276
301,Séguéla,7.9611,-6.6731,73.4,81,19,4.36,CI,1610595276
302,Necochea,-38.5473,-58.7368,57.0,83,6,13.73,AR,1610595276
303,Healdsburg,38.6105,-122.8692,57.0,100,1,2.46,US,1610595276
304,Carira,-10.3608,-37.7011,69.17,96,25,5.44,BR,1610595276
305,Vao,-22.6667,167.4833,76.66,87,100,18.14,NC,1610594849
306,Acarí,-15.4311,-74.6158,72.12,66,100,3.36,PE,1610595277
307,Beni Suef,29.0731,31.0979,51.71,50,70,7.11,EG,1610595277
308,Tiznit Province,29.5833,-9.5,47.01,55,0,2.44,MA,1610595277
309,Sola,-13.8833,167.55,87.8,79,75,6.91,VU,1610594851
310,Bundaberg,-24.85,152.35,88.0,45,32,14.97,AU,1610595081
311,Kadaya,50.9327,119.2911,-20.85,86,15,1.88,RU,1610595278
312,Houston,29.7633,-95.3633,51.01,57,1,6.91,US,1610594595
313,Tambura,5.6,27.4667,66.06,34,82,3.58,SS,1610595278
314,Sanandij,35.3144,46.9923,28.4,74,0,4.61,IR,1610595278
315,Dunedin,-45.8742,170.5036,66.69,63,6,10.54,NZ,1610595087
316,Muhos,64.808,25.9931,-11.2,77,0,5.75,FI,1610595278
317,Ola,59.5833,151.2833,-8.23,82,79,7.85,RU,1610595278
318,Abay,49.6311,72.8539,-29.2,68,0,8.95,KZ,1610595279
319,Mizdah,31.4451,12.9801,43.47,61,0,7.96,LY,1610595129
320,Arlit,18.7369,7.3853,62.82,28,59,4.72,NE,1610595279
321,Uyuni,-20.4597,-66.825,52.93,58,98,17.02,BO,1610595340
322,Klaksvík,62.2266,-6.589,39.2,81,20,23.02,FO,1610594784
323,Adrar,20.5022,-10.0711,57.94,30,0,13.73,MR,1610595340
324,Chui,-33.6971,-53.4616,61.97,65,0,8.55,UY,1610595340
325,Kondinskoye,59.6481,67.41,-16.31,85,0,6.96,RU,1610595340
326,Clyde River,70.4692,-68.5914,-4.0,84,90,6.91,CA,1610595097
327,Saint-Joseph,-21.3667,55.6167,82.4,78,75,2.3,RE,1610595099
328,Kigorobya,1.6162,31.3089,73.6,60,83,1.48,UG,1610595341
329,Chilca,-12.5211,-76.7372,69.8,83,0,14.97,PE,1610595341
330,Dingle,10.9995,122.6711,83.3,81,41,14.9,PH,1610594782
331,Yeppoon,-23.1333,150.7333,87.8,45,75,9.22,AU,1610595292
332,Winona,43.9666,-91.7668,35.01,93,1,5.95,US,1610595341
333,Naryan-Mar,67.6713,53.087,-10.07,85,93,12.1,RU,1610595341
334,Duluth,46.7833,-92.1066,28.99,93,90,3.89,US,1610595153
335,Vila Franca do Campo,37.7167,-25.4333,61.0,94,75,12.66,PT,1610595342
336,Chālūs,36.655,51.4204,41.0,100,0,2.3,IR,1610595342
337,Half Moon Bay,37.4636,-122.4286,59.0,94,75,6.91,US,1610595342
338,Mathathane,-22.2687,28.7495,73.22,76,0,10.45,BW,1610595342
339,Puksoozero,62.5903,40.6066,-21.12,87,2,5.01,RU,1610595342
340,Rundu,-17.9333,19.7667,67.64,94,100,0.22,NA,1610595342
341,Corowa,-36.0333,146.3833,82.99,24,0,4.0,AU,1610595343
342,Trofors,65.5333,13.4063,23.0,80,0,4.61,NO,1610595343
343,Minas de Barroterán,27.6333,-101.2833,53.42,44,0,4.63,MX,1610595343
344,Piaçabuçu,-10.4056,-36.4344,76.62,80,77,8.86,BR,1610595326
345,Guerrero Negro,27.9769,-114.0611,59.49,56,0,9.69,MX,1610595343
346,Allāpalli,19.4167,80.0667,75.81,35,1,0.13,IN,1610595343
347,Chara,56.9064,118.2631,-21.32,72,29,0.96,RU,1610595344
348,Makat,47.6469,53.3463,19.31,95,100,31.32,KZ,1610595135
349,Uvalde,29.3669,-99.767,53.01,57,1,5.3,US,1610595344
350,Manaus,-3.1019,-60.025,77.0,100,0,2.89,BR,1610595158
351,Sorrento,40.626,14.3744,46.99,100,7,8.43,IT,1610595344
352,Faanui,-16.4833,-151.75,81.63,74,79,16.08,PF,1610594850
353,Roslavl',53.9528,32.8639,11.05,95,100,8.39,RU,1610595345
354,Woodward,36.4337,-99.3904,46.4,60,1,11.5,US,1610595345
355,Ahipara,-35.1667,173.1667,71.71,70,14,7.34,NZ,1610595345
356,Tataouine,32.9297,10.4518,46.4,46,0,6.91,TN,1610595345
357,Alofi,-19.0595,-169.9187,84.2,74,40,11.5,NU,1610594846
358,Port Blair,11.6667,92.75,81.36,64,0,11.72,IN,1610595181
359,Barcelona,41.3888,2.159,45.0,75,0,14.97,ES,1610595108
360,Severo-Kuril'sk,50.6789,156.125,21.88,82,52,2.37,RU,1610594781
361,Geraldton,-28.7667,114.6,96.8,20,22,14.97,AU,1610595346
362,Santa Fe,-31.6333,-60.7,71.01,67,0,4.0,AR,1610595346
363,Perth,-31.9333,115.8333,82.99,34,0,13.8,AU,1610595077
364,Gizo Government Station,-8.103,156.8419,86.0,70,68,13.8,SB,1610595346
365,Fortuna,40.5982,-124.1573,55.99,100,90,2.21,US,1610595346
366,Broome,42.2506,-75.833,30.0,86,1,6.91,US,1610595346
367,Nānākuli,21.3906,-158.1547,80.6,65,40,11.5,US,1610595347
368,Biltine,14.5333,20.9167,64.89,28,0,12.3,TD,1610595347
369,Gao,16.6362,1.637,69.51,21,0,9.66,ML,1610595110
370,Dalbandin,28.8947,64.4101,46.83,41,0,6.26,PK,1610595347
371,Ouallam,14.3188,2.0866,68.22,22,0,10.67,NE,1610595347
372,Loandjili,-4.7561,11.8578,75.96,87,66,4.38,CG,1610595347
373,Aitape,-3.1374,142.3475,84.78,70,100,4.79,PG,1610595408
374,Maniitsoq,65.4167,-52.9,20.59,95,100,8.3,GL,1610595134
375,Marawi,7.9986,124.2928,80.01,87,91,4.0,PH,1610595408
376,Dauphin,51.1494,-100.0502,38.79,77,100,11.23,CA,1610595408
377,Paamiut,61.994,-49.6678,21.85,94,100,4.5,GL,1610595408
378,Bereda,43.2686,-7.5406,34.0,100,14,1.99,ES,1610595408
379,Abhā,18.2164,42.5053,46.4,81,0,2.98,SA,1610595408
380,Portland,45.5234,-122.6762,46.99,71,90,8.05,US,1610595300
381,Beşikdüzü,41.052,39.2284,50.0,93,75,11.5,TR,1610595409
382,Srandakan,-7.9386,110.2506,85.33,64,100,6.24,ID,1610595409
383,Yellāpur,14.9667,74.7167,68.0,73,20,4.61,IN,1610595409
384,The Valley,18.217,-63.0578,77.0,88,75,10.36,AI,1610595409
385,Blagoyevo,63.3667,47.9167,-16.51,85,12,3.33,RU,1610595409
386,Skibbereen,51.55,-9.2667,46.4,93,75,13.8,IE,1610595409
387,Belaya Gora,68.5333,146.4167,-33.02,83,100,3.96,RU,1610595410
388,Bubaque,11.2833,-15.8333,77.79,65,0,8.01,GW,1610595117
389,Seddon,-37.8068,144.8916,72.0,46,90,9.22,AU,1610595410
390,Labuhan,-6.8844,112.2051,85.06,69,100,6.76,ID,1610595131
391,Alenquer,-1.9417,-54.7383,78.8,89,0,6.91,BR,1610595374
392,Iqaluit,63.7506,-68.5145,-13.0,70,20,2.3,CA,1610595410
393,Wad Rāwah,15.1603,33.1397,66.16,44,0,9.95,SD,1610595410
394,Nuuk,64.1835,-51.7216,24.8,93,90,1.14,GL,1610595411
395,Mount Gambier,-37.8333,140.7667,64.4,59,75,18.41,AU,1610595411
396,Mount Isa,-20.7333,139.5,96.8,23,0,13.8,AU,1610595411
397,Khasan,42.4308,130.6434,21.76,72,0,15.61,RU,1610595411
398,Port Hardy,50.6996,-127.4199,42.8,100,75,5.75,CA,1610595411
399,Nagua,19.3832,-69.8474,71.01,92,20,5.53,DO,1610595147
400,Waddān,29.1614,16.139,45.43,69,0,6.67,LY,1610595411
401,Guánica,17.9716,-66.908,73.0,89,0,6.24,PR,1610595412
402,Mirny,62.5353,113.9611,-17.25,87,100,9.17,RU,1610595412
403,Upington,-28.4478,21.2561,75.2,69,0,5.75,ZA,1610595412
404,Chuchkovo,54.2693,41.4465,18.19,97,100,19.46,RU,1610595412
405,Nantucket,41.2835,-70.0995,39.2,70,90,6.91,US,1610594636
406,Arequipa,-16.3989,-71.535,60.46,67,98,2.15,PE,1610595309
407,Virginia Beach,36.8529,-75.978,39.99,65,1,8.59,US,1610595186
408,Ubari,26.5921,12.7805,44.04,56,6,5.32,LY,1610595413
409,Ape,57.5393,26.6929,14.2,95,100,7.18,LV,1610595413
410,Richards Bay,-28.783,32.0377,74.26,85,80,3.11,ZA,1610595413
411,Zarechnyy,53.2036,45.1923,18.0,67,100,17.6,RU,1610595413
412,Roald,62.5833,6.1333,24.01,80,0,8.05,NO,1610595413
413,Samarai,-10.6167,150.6667,83.88,76,100,7.11,PG,1610595413
414,Egvekinot,66.3167,-179.1667,-11.56,88,99,11.61,RU,1610595413
415,Bougouni,11.417,-7.479,66.25,22,13,5.01,ML,1610595414
416,Thayetmyo,19.3167,95.1833,80.29,41,38,3.29,MM,1610595414
417,Middle Island,40.8843,-72.9373,35.01,80,75,10.36,US,1610595414
418,Luancheng,37.8792,114.6517,32.0,69,50,2.24,CN,1610595187
419,Asău,46.4333,26.4,19.4,93,0,3.44,RO,1610595414
420,Anchorage,61.2181,-149.9003,28.99,73,1,3.44,US,1610595337
421,Sioux Lookout,50.1001,-91.917,24.8,100,90,8.05,CA,1610595414
422,Xiaoshi,41.2971,124.1209,17.6,57,94,8.95,CN,1610595414
423,Salekhard,66.53,66.6019,-5.28,85,100,17.87,RU,1610595415
424,Codrington,-38.2667,141.9667,59.94,77,86,17.05,AU,1610595415
425,San Francisco,37.7749,-122.4194,60.01,82,1,5.75,US,1610595244
426,Pioner,55.3166,85.9508,-11.2,77,90,6.71,RU,1610595475
427,Sambava,-14.2667,50.1667,78.66,87,56,3.38,MG,1610595475
428,Lingyuan,41.24,119.4011,17.33,87,100,7.23,CN,1610595475
429,Matamoros,25.5333,-103.25,51.8,40,1,1.88,MX,1610595367
430,Raahe,64.6833,24.4833,-11.2,77,0,5.75,FI,1610595475
431,Loudi,27.7344,111.9944,60.93,32,0,3.69,CN,1610595476
432,Khorixas,-20.3667,14.9667,66.85,75,100,5.66,NA,1610595476
433,Taltal,-25.4,-70.4833,63.3,75,53,0.31,CL,1610595476
434,Korla,41.7597,86.1469,24.31,77,41,5.5,CN,1610595476
435,Suşehri,40.1644,38.0867,39.33,81,99,2.93,TR,1610595197
436,Sal Rei,16.1833,-22.9167,68.0,68,75,20.71,CV,1610595476
437,Seoul,37.5683,126.9778,39.2,30,0,4.61,KR,1610595339
438,Kamina,-8.7386,24.9906,62.4,99,100,4.05,CD,1610595477
439,Baruun-Urt,46.6806,113.2792,0.43,92,100,6.17,MN,1610595477
440,Chernyshevskiy,63.0128,112.4714,-18.85,88,100,7.63,RU,1610595477
441,Hikone,35.25,136.25,54.0,62,24,12.01,JP,1610595477
442,Cururupu,-1.8283,-44.8683,76.33,87,99,4.74,BR,1610595477
443,Grand Gaube,-20.0064,57.6608,82.0,74,7,7.0,MU,1610595477
444,Chapais,49.7834,-74.8492,26.6,93,90,6.91,CA,1610595477
445,Evensk,61.95,159.2333,-18.63,74,65,5.03,RU,1610595477
446,Agartala,23.8364,91.275,60.8,88,40,2.39,IN,1610595478
447,Barcelos,41.5388,-8.6151,37.0,100,20,2.8,PT,1610595370
448,Avera,33.194,-82.5271,39.99,100,1,7.9,US,1610595478
449,Aykhal,66.0,111.5,-27.45,83,100,10.94,RU,1610595478
450,Liverpool,53.4106,-2.9779,44.01,100,90,11.5,GB,1610595478
451,Progreso,21.2833,-89.6667,70.0,94,75,14.94,MX,1610595479
452,Kushmurun,52.4503,64.6311,-17.19,83,26,4.09,KZ,1610595479
453,Zhuangyuan,37.2975,120.8256,48.0,91,10,17.96,CN,1610595479
454,Kedrovyy,56.1667,91.8167,-0.4,71,100,17.9,RU,1610595479
455,Corinth,37.9407,22.9573,48.99,51,34,3.0,GR,1610595479
456,Pangkalanbuun,-2.6833,111.6167,77.5,93,100,3.18,ID,1610595479
457,Store Heddinge,55.3097,12.3889,35.6,80,90,11.5,DK,1610595480
458,Eyl,7.9803,49.8164,71.71,73,22,19.04,SO,1610595480
459,Olafsvik,64.8945,-23.7142,40.37,85,57,19.04,IS,1610595480
460,Srednekolymsk,67.45,153.6833,-18.36,88,100,5.77,RU,1610595480
461,Chiredzi,-21.05,31.6667,71.35,92,49,4.76,ZW,1610595480
462,Hasaki,35.7333,140.8333,57.0,47,20,6.91,JP,1610595395
463,Kéfalos,36.7453,26.9589,50.0,76,20,6.91,GR,1610595481
464,Lüderitz,-26.6481,15.1594,65.14,87,96,5.26,NA,1610595481
465,Katobu,-4.9408,122.5276,85.12,77,100,3.13,ID,1610595481
466,Santo André,-23.6639,-46.5383,73.4,83,90,9.22,BR,1610595481
467,Santa Isabel,-23.3156,-46.2214,72.0,100,75,6.91,BR,1610595482
468,Acajutla,13.5928,-89.8275,78.91,70,6,5.7,SV,1610595482
469,Cairns,-16.9167,145.7667,84.2,79,90,16.11,AU,1610595482
470,Iralaya,15.0,-83.2333,75.83,84,42,8.48,HN,1610595482
471,Okha,53.5739,142.9478,-2.31,89,100,13.56,RU,1610595482
472,Ostrovnoy,68.0531,39.5131,3.6,94,75,22.86,RU,1610595482
473,Loja,-3.9931,-79.2042,57.18,95,100,1.39,EC,1610595483
474,Viranşehir,37.2353,39.7631,46.02,77,100,13.58,TR,1610595483
475,Kiunga,-6.1219,141.2906,96.49,46,81,1.1,PG,1610595483
476,Coari,-4.085,-63.1414,74.5,95,100,1.86,BR,1610595408
477,Sitka,57.0531,-135.33,37.4,87,90,10.36,US,1610595483
478,Ojinaga,29.5667,-104.4167,46.4,39,1,8.05,MX,1610595543
479,Iskateley,67.6803,53.1512,-10.95,85,89,11.43,RU,1610595544
480,Zholymbet,51.7433,71.7122,-17.77,81,0,2.37,KZ,1610595545
481,Gibsons,49.3997,-123.5027,41.0,75,35,1.14,CA,1610595545
482,Raton,36.9034,-104.4391,42.8,42,1,8.05,US,1610595545
483,Padang,-0.9492,100.3543,86.0,62,20,1.14,ID,1610595545
484,Kirkkonummi,60.1238,24.4385,14.0,95,100,14.47,FI,1610595546
485,Talnakh,69.4865,88.3972,-28.25,77,1,6.93,RU,1610595547
486,Tailai,46.3833,123.4,5.38,74,2,5.35,CN,1610595547
487,Itō,34.9667,139.0833,57.2,54,0,8.05,JP,1610595548
488,Cabedelo,-6.9811,-34.8339,77.0,83,0,4.61,BR,1610595399
489,Sistranda,63.7256,8.834,19.4,79,20,14.97,NO,1610595549
490,Miguel Auza,24.2933,-103.4503,43.65,54,70,1.9,MX,1610595550
491,Atambua,-9.1061,124.8925,85.82,66,100,2.08,ID,1610595550
492,Auki,-8.7676,160.7034,86.81,63,99,3.69,SB,1610595551
493,Port Hedland,-20.3167,118.5667,111.2,13,0,8.05,AU,1610595500
494,Dehlorān,32.6941,47.2679,55.44,37,100,4.29,IR,1610595552
495,Todos Santos,23.45,-110.2167,62.01,73,0,6.24,MX,1610595553
496,Quang Ngai,15.1167,108.8,69.33,69,92,5.35,VN,1610595553
497,Mamlyutka,54.9375,68.5394,-9.4,77,75,3.42,KZ,1610595554
498,Kumul,42.8,93.45,20.91,81,35,4.16,CN,1610595555
499,Qaqortoq,60.7167,-46.0333,28.4,86,90,1.32,GL,1610595555
500,Sorong,-0.8833,131.25,84.94,74,100,7.07,ID,1610595555
501,Hayvoron,48.3396,29.8679,29.5,92,94,10.83,UA,1610595556
502,Walla Walla,46.0646,-118.343,42.01,70,1,8.05,US,1610595305
503,Rawson,-43.3002,-65.1023,66.87,57,89,27.89,AR,1610595558
504,Birjand,32.8663,59.2211,28.4,19,40,6.91,IR,1610595558
505,Montego Bay,18.4712,-77.9188,77.0,78,20,3.44,JM,1610595473
506,Bandundu Province,-3.3167,17.3667,70.57,95,100,6.42,CD,1610595560
507,Gramsh,40.8697,20.1844,38.01,79,62,2.55,AL,1610595560
508,Darfo,45.8779,10.1812,36.0,82,1,6.2,IT,1610595561
509,Kantunilkín,21.0917,-87.45,69.8,94,75,4.61,MX,1610595562
510,Kilindoni,-7.9139,39.6668,79.77,80,5,12.03,TZ,1610595563
511,Kérouané,9.2667,-9.0167,66.0,26,76,2.19,GN,1610595563
512,Suntar,62.1444,117.6319,-11.88,87,100,8.97,RU,1610595563
513,Malbork,54.0359,19.0266,28.99,100,52,3.06,PL,1610595564
514,Kahului,20.8947,-156.47,80.6,61,20,10.36,US,1610595564
515,Kathu,7.9178,98.3332,82.4,61,20,14.97,TH,1610595564
516,Kaka,37.3482,59.6143,42.91,59,0,4.76,TM,1610595564
517,Deder,9.3167,41.45,50.23,63,38,3.18,ET,1610595564
518,Pionerskiy,54.9508,20.2275,30.2,93,90,6.71,RU,1610595564
519,Zhuanghe,39.7008,122.9911,27.37,75,19,11.12,CN,1610595565
520,Yatou,37.15,122.3833,40.93,69,0,16.53,CN,1610595565
521,Huéscar,37.811,-2.5412,35.01,53,0,2.48,ES,1610595565
522,Bikaner,28.0167,73.3,64.31,22,14,5.88,IN,1610595565
523,Bowen,-20.0167,148.2333,86.0,62,40,18.41,AU,1610595565
524,Udachny,66.4167,112.4,-26.93,82,100,12.26,RU,1610595565
525,Yarkovo,57.4028,67.0786,-19.3,87,0,5.73,RU,1610595566
526,Chauk,20.8833,94.8167,75.45,55,79,6.85,MM,1610595566
527,Maridi,4.9158,29.4742,69.48,38,50,3.6,SS,1610595566
528,João Pinheiro,-17.7425,-46.1725,70.43,89,100,5.88,BR,1610595566
529,Carauari,-4.8828,-66.8958,72.73,98,100,4.74,BR,1610595566
530,Węgrów,52.3995,22.0163,32.0,91,100,5.23,PL,1610595566
531,Carroll,39.5501,-77.0164,36.0,87,1,4.16,US,1610595566
532,Kargil,34.5667,76.1,-3.05,59,0,1.01,IN,1610595566
533,Benguela,-12.5763,13.4055,73.49,72,100,2.66,AO,1610595630
534,Offa,8.15,4.7167,66.87,98,6,0.67,NG,1610595632
535,Sinnamary,5.3833,-52.95,77.09,86,95,12.24,GF,1610595634
536,Tazovsky,67.4667,78.7,-7.96,91,100,7.18,RU,1610595636
537,Bluefields,12.0137,-83.7635,74.59,92,100,6.35,NI,1610595638
538,Van,38.4924,43.3831,44.6,45,75,23.02,TR,1610595640
539,Cap Malheureux,-19.9842,57.6142,82.0,74,6,7.0,MU,1610595642
540,Havøysund,70.9963,24.6622,32.0,80,75,14.97,NO,1610595644
541,High Level,58.5169,-117.136,32.0,69,90,11.5,CA,1610595647
542,Poum,-20.2333,164.0167,82.09,80,99,13.58,NC,1610595648
543,Nanga Eboko,4.6833,12.3667,70.0,87,47,3.85,CM,1610595650
544,Tessalit,20.1986,1.0114,62.04,26,0,10.04,ML,1610595652
545,Dakar,14.6937,-17.4441,64.4,88,0,9.22,SN,1610595580
546,Pangai,-19.8,-174.35,84.2,79,75,9.22,TO,1610595655
547,Sobolevo,54.4299,31.8996,11.28,96,100,9.84,RU,1610595656
548,Silver City,32.7701,-108.2803,42.8,19,1,9.22,US,1610595471
549,Rome,43.2128,-75.4557,32.0,69,90,8.05,US,1610595632
550,College,64.8569,-147.8028,-5.8,77,75,2.73,US,1610595660
551,Whitehorse,60.7161,-135.0538,23.0,63,20,12.66,CA,1610595661
552,Ouadda,8.0777,22.4007,64.85,28,0,4.29,CF,1610595663
